spellId,creatureId,itemId,clientId,name
259213,132625,161911,82148,Адмиралтейский скакун
142073,71486,98618,48931,Азарт
237287,138523,161773,75323,Алебастровая гиена
123160,63038,84728,0,Алый ездовой журавль
43688,24379,33809,0,Аманийский боевой медведь
98204,53276,69747,38261,Аманийский боевой медведь
55293,24379,0,0,Аманийский боевой медведь
96503,52185,68825,37800,Аманийский дракондор
253004,-79443,152794,79443,Аметистовый аргусский скиталец
60024,32157,44177,28043,Аметистовый протодракон
60424,29046,44413,25870,Анжинерский чоппер
179245,-61804,120968,61804,Анжинерский чоппер с водителем
182912,-62893,123890,62893,Аннигилятор из оскверненной стали
43883,24463,0,0,Арендованный скаковой баран
227956,-68848,141713,68848,Аркадийская боевая черепаха
127170,64996,87777,46087,Астральный облачный змей
254545,126862,153193,0,Баарут Резвый
127271,65030,87791,43713,Багровый водный долгоног
140250,70525,95565,48101,Багровый древний дикорог
73313,26585,52200,25279,Багровый конь смерти
127156,58521,87769,41592,Багровый облачный змей
129552,65851,89154,44633,Багровый пандаренский феникс
253661,-79595,152905,79595,Багровый рабоглот
229385,-73784,142225,73784,"Бань Лу, спутник великого мастера"
270564,-85395,0,85395,Баран Рассветной кузни
276111,-85395,0,0,Баран Рассветной кузни
270562,141164,0,85394,Баран Темной кузни
276112,141164,0,0,Баран Темной кузни
43899,23588,33976,22265,Баран Хмельного фестиваля
50870,24368,0,0,Баран Хмельного фестиваля
254473,-74150,0,0,Бдительный скакун
231588,-74150,143504,74150,Бдительный скакун верховного лорда
44317,21510,0,0,Безжалостный дракон Пустоты
44744,24743,34092,20344,Безжалостный дракон Пустоты
254260,-79440,153041,79440,Белоногий аргусский скиталец
32240,18359,25472,17696,Белоснежный грифон
6898,4777,5873,2786,Белый баран
68187,35876,49096,29937,Белый боевой конь крестоносца
65645,34552,46764,28605,Белый боевой конь-скелет
34897,20151,29103,19377,Белый боевой талбук
39319,22514,31836,21076,Белый верховой талбук
102488,54879,72575,37204,Белый ездовой верблюд
130137,66176,89390,44837,Белый ездовой козел
127220,65018,87789,43712,Белый ездовой як
123182,63042,84753,0,Белый ездовой як
68768,36483,49289,0,Белый жеребенок
468,305,0,0,Белый жеребец
16083,305,12353,2410,Белый жеребец
64657,12147,46100,12241,Белый кодо
15779,10179,13326,9474,Белый механодолгоног модель Б
54753,29596,43962,28428,Белый северный медведь
74918,40191,54068,31721,Белый шерстистый носорог
275866,134687,161909,0,Береговой наблюдатель долины Штормов
253005,-79441,152795,79441,Берилловый аргусский скиталец
279469,-45836,163582,45836,Бессмертная гончая Циньшо
280729,-38784,163981,38784,Бешеный сквернокоготь
18992,12148,0,12242,Бирюзовый кодо
10796,7707,8591,6472,Бирюзовый ящер
254258,-79789,153043,79789,Благословленный сквернопотам
279474,-87779,163589,87779,Бледношкурый дикорог
262025,-82807,156882,0,Бледный протодракон гладиатора
171833,-59367,116776,59367,Бледный шипоед
171632,-59344,116670,59344,Боевой вепрь ледяных равнин
171848,-60577,116791,60577,Боевой йети претендента
13819,9158,0,8469,Боевой конь
163016,80651,0,0,Боевой конь кошмаров
163024,80651,112326,55896,Боевой конь кошмаров
63643,33324,45597,29257,Боевой конь Отрекшихся
66907,16509,0,0,Боевой конь Серебряного Авангарда
67466,16509,47180,28918,Боевой конь Серебряного Авангарда
218891,109967,0,0,Боевой медведь Штормового предела
23510,14745,19030,14777,Боевой скакун клана Грозовой Вершины
127308,65076,91014,43725,Большая бурая драконья черепаха
127293,65071,91012,43722,Большая зеленая драконья черепаха
120822,62106,91010,42352,Большая красная драконья черепаха
127310,65078,87805,43726,Большая лиловая драконья черепаха
71342,38204,50250,30989,Большая ракета любви
127302,65074,87803,43724,Большая синяя драконья черепаха
127295,65072,91011,43723,Большая черная драконья черепаха
51412,28363,49282,25335,Большой боевой медведь
35712,20849,29746,19873,Большой зеленый элекк
65641,33450,46755,28556,Большой золотистый кодо
60136,32212,0,27237,Большой караванный мамонт
60140,32213,0,0,Большой караванный мамонт
69826,37059,0,30501,Большой кодо служителя солнца
221885,37059,0,0,Большой кодо служителя солнца
49379,27707,37828,24757,Большой кодо Хмельного фестиваля
65637,33415,46756,28606,Большой красный элекк
61469,31857,44086,27239,Большой ледяной мамонт
61470,31858,43961,27242,Большой ледяной мамонт
59802,31857,0,0,Большой ледяной мамонт
59804,31858,0,0,Большой ледяной мамонт
35714,20850,29747,19872,Большой лиловый элекк
64992,31319,0,0,Большой медведь Blizzard
64993,31319,0,0,Большой медведь Blizzard
58983,31319,43599,27567,Большой медведь Blizzard
58997,31319,0,0,Большой медведь Blizzard
58999,31319,0,0,Большой медведь Blizzard
218815,107758,0,0,Большой олень Штормового предела
213339,-67042,129962,67042,Большой северный старорог
35713,20848,29745,19871,Большой синий элекк
61465,31862,43959,27241,Большой черный боевой мамонт
61467,31861,44083,27244,Большой черный боевой мамонт
34407,18239,0,0,Большой элитный элекк
122708,62809,84101,42703,Большой як для путешествий
59569,31717,43951,25833,Бронзовый дракон
61229,27258,44689,27913,Бронированный белоснежный грифон
60114,32206,44225,27820,Бронированный бурый медведь
60116,32207,44226,27821,Бронированный бурый медведь
171626,-59343,116665,59343,Бронированный железнобивень
142266,71313,98104,48815,Бронированный красный дракондор
139595,70356,95341,48020,Бронированный кровокрыл
171629,-59347,116668,59347,Бронированный морозный вепрь
136400,69158,93662,47256,Бронированный небесный крикун
275838,-87044,161666,0,Бронированный рыжий терродактиль
171838,-59753,116781,59753,Бронированный северный волк
61230,32336,44690,27914,Бронированный синий ветрокрыл
142478,71381,98259,48816,Бронированный синий дракондор
275840,-87041,161667,0,Бронированный терродактиль-альбинос
171630,-59346,116669,59346,Бронированный шипастый кабан
244712,124557,161664,0,Бронированный эбеновый терродактиль
96491,38987,68823,14341,Бронированный ящер Раззаши
127288,65061,87797,43719,Бурая драконья черепаха
147595,73424,104011,0,Буревестник
6899,4779,5872,2785,Бурый баран
130086,66150,89362,44807,Бурый ездовой козел
127213,65016,87787,43710,Бурый ездовой як
18990,11689,15290,11641,Бурый кодо
59573,31700,0,0,Бурый северный медведь
34406,17530,28481,17063,Бурый элекк
171830,77689,116773,59364,Быстрый ветробег
171842,-59759,116785,59759,Быстрый северный волк
75207,40054,54465,34956,Вайш'ирский морской конек
213115,129094,137570,69276,Вдова кровавого клыка
256123,-80513,153594,0,"Везделет \""Скивиллаг\"""
61309,33030,44558,28060,Великолепный ковер-самолет
254069,126570,153042,79732,Великолепный сквернопотам
135418,20414,93169,46930,Величественная бронированная виверна
136164,69066,93386,47165,Величественная виверна
135416,68771,93168,46929,Величественный бронированный грифон
230844,-73248,142403,73248,Величественный василиск бойца
136163,69067,93385,47166,Величественный грифон
142641,71423,98405,48858,Величественный мушан бойца
229386,119571,142227,73780,Верный звероястреб верховного следопыта
229377,122124,0,73774,Верный Свету дозорный верховного жреца
30174,17266,23720,17158,Верховая черепаха
45177,17266,0,0,Верховая черепаха (копия)
18363,11689,0,11641,Верховой кодо
49378,27706,0,24758,Верховой кодо Хмельного фестиваля
51960,28531,0,0,Верховой ледяной змей
171436,85833,116383,59159,Верховой малый гронн
23509,14744,19029,14776,Верховой северный волк
44153,24418,34060,22719,Ветролет
176762,122431,119179,0,Взрывная железная звезда
92232,49488,64999,37159,Волк-призрак
47977,23952,37011,0,Волшебная метла
42680,23952,0,0,Волшебная метла
165974,305,0,0,Волшебный летающий кот
65917,34655,49290,29344,Волшебный петух
66123,34731,0,0,Волшебный петух
66122,34655,0,0,Волшебный петух
66124,34732,0,0,Волшебный петух
213147,73940,0,0,Ворг Штормового предела
68188,35878,49098,29938,Вороной боевой конь крестоносца
22717,14332,29468,14337,Вороной боевой скакун
32239,18357,25471,17694,Вороной грифон
470,308,2411,2402,Вороной жеребец
171851,86480,116794,54114,Воющий в ночи гарн
24576,18768,0,0,Всецветный летун
88331,47352,62900,35551,Вулканический дракон
10804,7713,0,0,Вызов бирюзового долгонога
10800,7709,0,0,Вызов бурого долгонога
34068,2188,0,0,Вызов мастодронта
60120,18363,0,0,Вызов наемного ветрокрыла
10802,7711,0,0,Вызов розового долгонога
26332,15778,0,0,Вызов ротового щупальца
10801,7710,0,0,Вызов серого долгонога
10803,7712,0,0,Вызов фиолетового долгонога
126508,64716,87251,43638,Геосинхронный вращатель мира
225765,-63625,141217,63625,Гиппогриф с чародейским оперением
63844,24487,45725,22471,Гиппогриф Серебряного Авангарда
66087,24489,46813,22474,Гиппогриф Серебряного союза
6648,4269,5655,2405,Гнедая кобыла
458,284,5656,2404,Гнедой конь
17464,11155,13333,10672,Гнедой конь-скелет
63638,33301,45589,28571,Гномреганский механодолгоног
87090,46754,62461,35249,Гоблинский трицикл
87091,46755,62462,35250,Гоблинский турботрицикл
63796,33848,45693,28890,Голова Мимирона
279611,-87848,163645,87848,Головокуска
179283,5521,0,0,Гоночный долгоног Новолуния (стандартный)
170347,85286,115484,58772,Гончая недр
271646,141163,161331,85691,Гончая недр клана Черного Железа
176759,122431,119180,0,Горенский волчок
103195,55272,73838,39096,Горный конь
155741,77178,109013,53774,Грозный ворон
129918,66051,89304,43686,Грозовой августейший облачный змей
227988,-73316,141844,73316,Грозовой дракон бесстрашного гладиатора
227995,-73321,141848,73321,Грозовой дракон господствующего гладиатора
243201,-76533,153493,76533,Грозовой дракон демонического гладиатора
227986,-73315,141843,73315,Грозовой дракон карающего гладиатора
227989,-73317,141845,73317,Грозовой дракон лютого гладиатора
227994,-73320,141847,73320,Грозовой дракон неудержимого гладиатора
227991,-73319,141846,73319,Грозовой дракон озлобленного гладиатора
139442,70300,95057,47981,Грозовой кобальтовый облачный змей
124408,63766,85666,43562,Грозовой нефритовый облачный змей
148476,73702,104269,51488,Грозовой ониксовый облачный змей
132036,67145,90655,45797,Грозовой рубиновый облачный змей
258060,132620,155662,81113,Громокопыт Крутогорья
171826,-59746,116769,59746,Грязноспинное речное чудище
231524,-74134,143491,74134,Губительный предвестник теневого клинка
215159,39676,138258,29361,Давно брошенный гиппогриф
63637,33298,45591,29256,Дарнасский ночной саблезуб
86579,32203,0,0,Деревянный плот
68930,36562,0,0,Детеныш Ониксии
171633,-59739,116671,59739,Дикий кровоклык
242875,-76424,147804,76424,Дикий сноходец
97581,52813,69228,38048,Дикий ящер
259740,-81952,163183,0,Дитя Краг'вы
139448,70302,95059,47983,Дитя Цзи-Кунь
254471,-74151,0,0,Доблестный скакун
231589,-74151,143505,74151,Доблестный скакун верховного лорда
39450,7712,0,0,Долгоног
153722,5521,0,0,Долгоног гонки Новолуния (базовый)
179750,5521,0,0,Долгоног гонки Новолуния (улучшенный)
134931,5521,0,0,Долгоног ярмарки Новолуния
120043,61652,82453,42185,Драгоценная ониксовая пантера
88335,47353,62901,35757,Дракон восточного ветра
88741,47647,65356,35754,Дракон западного ветра
69395,36837,49636,30346,Дракон Ониксии
28828,16597,0,16314,Дракон Пустоты
3363,16597,0,0,Дракон Пустоты
40212,16597,0,0,Дракон Пустоты клана Драконьей Пасти
88742,47648,63040,35553,Дракон северного ветра
113120,59072,79771,40568,Дракон Скверны
88744,47646,63041,35755,Дракон южного ветра
60025,32158,44178,25836,Дракон-альбинос
66088,35148,46814,29696,Дракондор Похитителей Солнца
203853,91469,0,0,Дракончик искателя приключений
16056,10322,12302,9695,Древний ледопард
171618,-59322,116657,0,Древний твердошкур
138640,70024,94290,47825,Древний ящер цвета кости
247448,-78105,153485,78105,Дриблежабль Новолуния
174004,82415,113543,0,Дух Шинри
196681,-70874,131734,70874,Дух Эче'ро
260173,-82161,161910,82161,Дымчатый жеребец
237286,138524,163576,75324,Дюнный падальщик
127180,65011,87785,0,Ездовой журавль-альбинос
153489,76084,107951,53038,Железный небесный разбойник
26055,15714,21324,15680,Желтый киражский боевой танк
253660,-79592,152903,79592,Желчнозубый костеглод
58615,31124,43516,27507,Жестокий дракон Пустоты
254813,143068,159842,80449,Живец
75596,32634,54797,28063,Заиндевевший ковер-самолет
171839,-59754,116782,59754,Закованный в броню боевой волк
171836,-59756,116779,59756,Закованный в броню гарн
171627,-59349,116666,59349,Закованный в вороненую сталь боевой вепрь
213209,107475,137686,70099,Закованный в сталь пожиратель
263707,-83525,157870,83525,Зандаларский дикорог
60002,32153,44168,28045,Затерянный во времени протодракон
194464,-65994,129923,65994,Затмевающий солнце дракондор
142878,78391,97989,48714,Зачарованный волшебный дракончик
259202,132622,156486,81648,Звездный крылобег Бездны
87840,122431,0,0,Звериная прыть
120395,61809,91004,42250,Зеленая драконья черепаха
17465,11156,13334,10720,Зеленый боевой конь-скелет
39798,22958,32314,21152,Зеленый верховой скат Пустоты
32245,18365,25476,17701,Зеленый ветрокрыл
41517,23457,32861,21522,Зеленый дракон Крыльев Пустоты
138643,70027,94293,47827,Зеленый древний ящер
129932,66060,89305,44759,Зеленый ездовой тигр Шадо-Пан
26056,15715,21323,15679,Зеленый киражский боевой танк
18991,12151,0,12245,Зеленый кодо
17453,11147,13321,10661,Зеленый механодолгоног
15780,10178,0,0,Зеленый механодолгоног
61294,32562,44707,28053,Зеленый протодракон
262026,-82806,156883,0,Зеленый протодракон гладиатора
260175,-81690,163573,81690,Златогривка
243652,-76646,152790,76646,Злобное отродье
127278,65033,87794,0,Золотистый водный долгоног
32235,18360,25470,17697,Золотистый грифон
140249,70524,95564,48100,Золотистый древний дикорог
127176,65007,87782,43705,Золотистый ездовой журавль
90621,48632,62298,36213,Золотистый лев
123993,58524,85429,41991,Золотистый облачный змей
262028,-82805,156885,0,Золотой протодракон гладиатора
16060,10338,0,0,Золотой саблезуб
254474,-74148,0,0,Золотой скакун
231435,-74148,143502,74148,Золотой скакун верховного лорда
471,306,0,0,Игреневый жеребец
16082,306,12354,2408,Игреневый конь
149801,74410,106246,51993,Изумрудный гиппогриф
175700,40025,118676,25834,Изумрудный дракон
213165,-70061,137580,70061,Изумрудный острокоготь
132118,66972,90711,45520,Изумрудный пандаренский феникс
8395,6075,8588,4806,Изумрудный ящер
46199,26164,49286,23647,ИКС-ключительная ракета Пустоты X-51
189998,91905,128425,64582,Иллидарский ловец Скверны
124659,63831,85870,43254,Императорский цийлинь
171827,-70051,137575,70051,Инфернал адского пламени
213350,-70126,137614,70126,Инфернал ледяных осколков
213134,-70040,137574,70040,Инфернал пламени Скверны
186305,-63873,127140,63873,Инфернальный лютый волк
84751,45338,60954,34410,Ископаемый ящер
260174,138005,163574,81694,Испуганный вьючный мул
104517,14864,0,0,Каз-моданский баран
171628,-59348,116667,59348,Камнеклыкий боевой вепрь
88746,47651,63043,35751,Камнешкурый дракон
253006,-79444,152793,79444,Каштановый аргусский скиталец
66090,33840,46815,28888,Кель'дорайский скакун
43927,24488,33999,22473,Кенарийский боевой гиппогриф
253662,-79593,152904,79593,Кислотный изрыгатель
34896,20072,29227,19375,Кобальтовый боевой талбук
39315,22510,31829,21073,Кобальтовый верховой талбук
138423,69829,94228,47716,Кобальтовый доисторический дикорог
41515,23460,32859,21525,Кобальтовый дракон Крыльев Пустоты
275837,-87045,161665,87045,Кобальтовый терродактиль
61451,25460,44554,28082,Ковер-самолет
75387,40426,0,0,Коврик из луноткани
179478,89959,121815,38785,Коготь Бездны Темной Звезды
63641,33300,45592,29259,Кодо из Громового Утеса
220505,37059,0,0,Кодо ордена Серебряной Длани
69820,36883,0,30366,Кодо служителя солнца
50869,27706,0,0,Кодо Хмельного фестиваля
261395,132610,156798,0,Коллективный разум
5784,304,0,2346,Конь Скверны
48778,26931,0,25280,Конь смерти Акеруса
220489,112500,0,0,Конь смерти Вайтмейн
220491,112503,0,0,Конь смерти Могрейна
220484,112501,0,0,Конь смерти Назгрима
17481,11195,13335,10718,Конь смерти Ривендера
220488,112499,0,0,Конь смерти Троллебоя
220480,26931,0,0,Конь смерти Черного Клинка
8980,6486,0,5228,Конь-скелет
148396,-51482,104246,51482,Кор'кронский боевой волк
148417,73681,104253,51485,Кор'кронский крушитель
93644,51195,67107,37138,Кор'кронский уничтожитель
253008,-79438,152796,79438,Коричневый аргусский скиталец
66846,35169,47101,29754,Коричневый боевой конь-скелет
127177,65009,87783,43706,Королевский ездовой журавль
16084,7704,0,6469,Крапчатый красный ящер
127290,65065,91007,43721,Красная драконья черепаха
17456,11149,0,0,Красно-синий механодолгоног
130092,66151,89363,44808,Красное парящее облако
22722,14331,29470,10719,Красный боевой конь-скелет
39800,22976,32317,21158,Красный верховой скат Пустоты
59570,30161,43955,25835,Красный дракон
61997,32944,44842,28402,Красный дракондор
138641,70025,94291,47826,Красный древний ящер
129935,66062,89306,44757,Красный ездовой тигр Шадо-Пан
26054,15716,21321,15681,Красный киражский боевой танк
239767,134503,151625,75705,Красный киражский военный танк
17462,11153,13331,10670,Красный конь-скелет
34795,19280,28927,18696,Красный крылобег
10873,7739,8563,9473,Красный механодолгоног
59961,31902,44160,28044,Красный протодракон
279467,-87776,163583,87776,Крепкорогий скальный прыгун
231525,-74136,143490,74136,Кровавый предвестник теневого клинка
229388,120037,142232,73778,Кровожадный боевой змей воеводы
273541,126760,160829,78860,Крог из Подгнилья
54729,28864,40775,28108,Крылатый скакун Черного Клинка
98727,53273,69846,38260,Крылатый страж
63642,33323,45596,29262,Крылобег из Луносвета
66091,33841,46816,28889,Крылобег Похитителей Солнца
215558,110708,138387,70619,Крысоконь
267270,129761,159146,77023,Куа'фон
253007,-79437,152797,79437,Лазурный аргусский скиталец
118089,60941,81354,41711,Лазурный водный долгоног
59567,31694,43952,27785,Лазурный дракон
41514,23456,32858,21521,Лазурный дракон Крыльев Пустоты
127174,65006,87781,43704,Лазурный ездовой журавль
123992,58522,85430,41989,Лазурный облачный змей
17229,11021,13086,10426,Ледопард Зимних Ключей
43810,24447,0,0,Ледяной змей
65439,34425,46171,25593,Ледяной змей гневного гладиатора
67336,35362,47840,29794,Ледяной змей неумолимого гладиатора
71810,38361,50435,31047,Ледяной змей разгневанного гладиатора
64927,28531,46708,25511,Ледяной змей смертоносного гладиатора
59797,31854,44080,27246,Ледяной мамонт
59799,31855,43958,0,Ледяной мамонт
279454,-87772,163577,87772,Лезвезуб завоевателя
10788,7684,8633,0,Леопард
580,358,1132,247,Лесной волк
42667,23952,0,0,Летающая метла
44655,24906,0,0,Летающий северный олень
44824,24906,0,0,Летающий северный олень
44825,24906,0,0,Летающий северный олень
44827,24906,0,0,Летающий северный олень
127289,65063,91006,43720,Лиловая драконья черепаха
23246,14558,18791,10721,Лиловый боевой конь-скелет
39801,22975,32316,21155,Лиловый верховой скат Пустоты
41516,23458,32860,21523,Лиловый дракон Крыльев Пустоты
239769,-75704,0,0,Лиловый киражский военный танк
35018,20217,29222,19479,Лиловый крылобег
17455,11148,0,0,Лиловый механодолгоног
132119,66970,90712,45522,Лиловый пандаренский феникс
262024,-82810,156881,0,Лиловый протодракон гладиатора
35711,20847,29743,19870,Лиловый элекк
145133,72195,101675,0,Лунная волчица
17459,11150,13327,10666,Льдисто-синий механодолгоног модель А
171837,-59752,116780,59752,Лютоклык клана Песни Войны
279868,-86091,163706,86091,Лютокрыл племени Сухокожих
6653,4271,5665,2327,Лютый волк
229439,-73781,142228,73781,Лютый звероястреб верховного следопыта
267274,144198,161330,84468,Маг'харский лютый волк
68769,36484,49288,0,Маленький палевый ящер
89520,48163,0,0,Малый гоблинский хотрод
189364,-64426,128311,64426,Малый гронн клана Черного Кулака
189044,-64377,128282,64377,Малый гронн оскверненной крови воинственного гладиатора
189043,-64378,128281,64378,Малый гронн оскверненной крови дикого гладиатора
186828,-63956,128277,63956,Малый гронн оскверненной крови необузданного гладиатора
258845,132623,156487,74032,Манапард ночнорожденных
230987,124149,142436,81468,Манапард чародея
253108,-79487,152841,79487,Манаскат сияющей Скверны
171846,87503,116789,60207,Мегацикл чемпиона
278979,-87747,163585,87747,Медуза-волнолов
253109,-79486,152840,79486,Мерцающий манаскат
223814,112432,140500,72071,Механизированный хвататель разностей
55531,29045,41508,25871,Механоцикл
179214,29045,0,61803,Механоцикл с шофером
179244,-61803,0,0,Механоцикл с шофером
180545,91986,122469,62148,Мистический руноклык
264058,-83632,163042,83632,Могучий вьючный брутозавр
243025,-74314,147835,74314,Мозговой червь любителя загадок
64731,34187,46109,29161,Морская черепаха
214791,-68849,138811,68849,Морской донный падальщик
275868,124727,161879,0,Морской разведчик Праудмуров
171825,-59745,116768,59745,Мохошкурый грязеплав
49193,27637,37676,24725,Мстительный дракон Пустоты
254472,-74149,0,0,Мстительный скакун
231587,-74149,143503,74149,Мстительный скакун верховного лорда
254259,-79790,153044,79790,Мстительный сквернопотам
279456,-87774,163579,87774,Нагорный мустанг
64761,18363,0,0,Наемный ветрокрыл
64681,18360,0,0,Наемный грифон
275623,-74316,161479,74316,Назжатарский кровозмей
29059,11195,0,0,Наксрамасский конь смерти
250735,128769,163216,78858,Напившийся крови крог
127161,64990,87773,43692,Небесный багровый облачный змей
134359,-46686,95416,46686,Небесный голем
127164,64991,87774,43693,Небесный золотистый облачный змей
127169,64993,87776,43697,Небесный лазурный облачный змей
127158,64986,87771,43689,Небесный ониксовый облачный змей
76153,40625,0,0,Небесный скакун
75614,40625,54811,31958,Небесный скакун
75617,40625,0,0,Небесный скакун
75619,40625,0,0,Небесный скакун
75618,40625,0,0,Небесный скакун
75620,40625,0,0,Небесный скакун
17454,10180,13322,9476,Некрашеный механодолгоног
72281,38545,0,0,Непобедимый
72283,38545,0,0,Непобедимый
72282,38545,0,0,Непобедимый
72284,38545,0,0,Непобедимый
72286,38260,50818,31007,Непобедимый
179256,-62493,0,0,Непоседа гонки Новолуния
72807,38695,51955,31154,Неуклонный ледяной покоритель
130678,65627,89682,0,Неуправляемое чудовище
121837,62461,83088,42502,Нефритовая пантера
127274,65032,87793,0,Нефритовый водный долгоног
138426,69831,94231,47717,Нефритовый доисторический дикорог
113199,58523,79802,40590,Нефритовый облачный змей
229387,119708,142231,73785,Нечестивый завоеватель владыки смерти
261434,-82528,163121,82528,Норовистый боевой василиск
261433,-82527,163122,0,Норовистый боевой василиск
270560,-85393,163124,85393,Норовистый боевой копытень
72808,38778,51954,31156,Обагренный ледяной покоритель
253058,-76311,152814,76311,Обезумевший скакун хаоса
223018,132610,138201,71939,Обитатель глубин
148619,73779,104326,51360,Облачный змей бездушного гладиатора
148620,73780,104327,51359,Облачный змей гордого гладиатора
148618,73778,104325,51361,Облачный змей деспотичного гладиатора
139407,70280,95041,47976,Облачный змей злонравного гладиатора
101641,54464,71086,0,Облик Таресгосы
121820,62454,83086,42498,Обсидиановое крыло ночи
239049,129898,161215,75600,Обсидиановый кролуск
10798,7703,0,0,Обсидиановый ящер
171638,87080,116676,59743,Обученный грязеплав
171637,-59735,116675,59735,Обученный камнеклык
171617,-59320,116656,59320,Обученный ледяной копытень
171623,78443,116662,59340,Обученный лугопотам
171841,87076,116784,59757,Обученный рычун
171831,-59365,116774,59365,Обученный среброшкурый талбук
279457,-87773,163578,87773,Объезженный нагорный мустанг
171847,91490,118515,61363,Огнегривый скакун
253088,-79479,152816,79479,Огнедышащая гончая из Анторуса
36702,21354,30480,19250,Огненный боевой конь
97359,52672,69213,38018,Огненный сторожевой гиппогриф
232405,-74298,143631,74298,Огнерожденный саблезуб
97501,52756,69226,38032,Огнеястреб Скверны
23247,14542,18793,14349,Огромный белый кодо
23249,14549,18794,14578,Огромный бурый кодо
171636,-59736,116674,59736,Огромный сероклык
23248,14550,18795,14579,Огромный серый кодо
171635,-59737,116673,59737,Огромный хладнорылый вепрь
171634,87081,116672,59738,Одомашненный шипастый кабан
130730,66464,89697,0,Одурманенный кафой козел
164601,55715,0,0,Озадаченный пони
130895,66587,89770,0,Озлобленный як
103170,55263,0,0,Олень помощника
41513,23455,32857,21520,Ониксовый дракон Крыльев Пустоты
127154,58525,87768,41990,Ониксовый облачный змей
127272,65031,87792,0,Оранжевый водный долгоног
63640,33320,45595,29260,Оргриммарский волк
245725,-77298,151617,77298,Оргриммарский перехватчик
163025,80674,112327,55907,Оскаленный разоритель
102514,54903,72582,38972,Оскверненный гиппогриф
183117,-63032,123974,63032,Оскверненный грознокрыл
193007,-72700,141216,72700,Осквернитель рощи
279608,-85581,163646,85581,Ослик
247402,-78092,151623,78092,Осознанный кошмар
88749,47653,63045,35134,Палевый ездовой верблюд
230401,-73991,142369,73991,Палевый крылобег
10795,7706,0,6471,Палевый ящер
17450,7706,0,0,Палевый ящер
130985,66661,89785,41903,Пандаренский воздушный змей
118737,61201,81559,0,Пандаренский воздушный змей
133023,61589,91802,42147,Пандаренский нефритовый воздушный змей
121839,62460,83089,42501,Пантера из солнечного камня
134854,68427,0,0,Парящее облако
191633,-65040,128706,65040,Парящий ужас небес
472,307,2414,2409,Пегий конь
40192,18545,32458,17890,Пепел Ал'ара
171843,-59760,116786,59760,Пепельный лютый волк
132117,66971,90710,45521,Пепельный пандаренский феникс
171844,-59762,108883,59762,Пеплогривый лютый волк
148428,73689,103638,51484,Пеплошкурый дикий мушан
16058,7684,0,0,Первобытный ледопард
93326,50269,65891,35750,Песчаниковый дракон
74855,40165,0,0,Пламенеющий гиппогриф
74854,40165,0,0,Пламенеющий гиппогриф
74856,40165,54069,31803,Пламенеющий гиппогриф
101542,54395,71665,38783,Пламенное Крыло Алисразор
103081,55188,73766,39060,Пляшущий медведь ярмарки Новолуния
41252,23408,32768,21473,Повелитель воронов
266058,136976,159921,84274,Погребальный ящер
272472,144391,163128,85886,Подгородский чумной нетопырь
98718,53270,67151,34955,Подчиненный морской конек
61289,23952,44604,0,Позаимствованная метла
255696,121530,153540,80358,Позолоченный равазавр
229417,119919,0,73783,Покоренный Скверной крылан истребителя
169952,67803,115363,46453,Ползучий ковер
229499,-73808,142236,73808,Полночь
8394,6074,8631,6080,Полосатый ледопард
10793,7690,8629,6448,Полосатый ночной саблезуб
66847,35168,47100,29755,Полосатый рассветный саблезуб
16081,359,12351,1166,Полярный волк
104515,55715,0,0,Пони ярмарки Новолуния
201098,-67594,133543,67594,Попиратель времен из рода Бесконечности
148392,73672,104208,51479,Порождение Галакраса
136471,69204,93666,47238,Порождение Хорридона
97560,52807,69230,38046,Порочный огнеястреб
229376,-73770,0,73770,Призматический диск верховного мага
107517,57157,76902,39547,Призрачный ветрокрыл
107516,57156,76889,39546,Призрачный грифон
142910,71497,129922,48946,Призрачный железный скакун
92231,49487,64998,37160,Призрачный скакун
42776,24003,49283,21973,Призрачный тигр
278656,-87701,163063,0,Призрачный феникс
121805,53273,0,0,Призыв друга ездовое животное III
8396,6076,0,0,Призыв кремового долгонога
191314,-64960,128671,64960,Прислужник Ворчуна
107845,57228,77069,39563,Прислужница Хранительницы Жизни
32345,18545,0,0,Проблеск верховой феникс
75973,40725,54860,31992,Прогулочная ракета X-53
238454,-75533,142233,75533,Проклятый скакун гнева повелителя Пустоты
222238,-70998,140233,70998,Прославленный белый скакун
204166,-68069,143864,68069,Прославленный боевой волк
193695,-65760,129280,65760,Прославленный боевой конь
222202,-71001,140228,71001,Прославленный бронзовый скакун
222236,-70997,140230,70997,Прославленный королевский скакун
281044,-88359,164250,88359,Прославленный кровавый скакун
222240,-70996,140408,70996,Прославленный лазурный скакун
222237,-70999,140232,70999,Прославленный лесной скакун
222241,-71000,140407,71000,Прославленный полночный скакун
63956,33892,45801,28953,Протодракон в железной броне
262022,-82809,156879,82809,Протодракон ужасающего гладиатора
253711,-79613,152912,79613,Прудовый крапивник
243795,-76706,163575,76706,Прыгучий кровопийца
253106,-79485,152842,79485,Пурпурный манаскат
107842,57226,77067,39561,Пылающий дракон
231428,-74104,142552,74104,Пылающий угольный змей
171625,-59342,116664,59342,Пыльный камнешкур
10792,7689,0,0,Пятнистая пантера
93623,50467,68008,37231,Пятнистый дракон
10789,7687,8632,6444,Пятнистый ледопард
171622,87423,116661,59339,Пятнистый лугопотам
171621,-59837,116660,59837,Разрушитель-железноног
126507,64715,87250,43637,Ракета на обедненном кипарии
46197,26192,49285,23656,Ракета Пустоты X-51
153675,-62480,0,0,Ракетоног гонки Новолуния (стандартный)
179252,-62480,0,0,Ракетоног гонки Новолуния (улучшенный)
47037,26439,0,0,Резвый боевой элекк
63963,33904,45802,28954,Ржавый протодракон
49908,27902,0,0,Розовый элекк
121838,62458,83087,42499,Рубиновая пантера
34899,20150,29105,19376,Рыжий боевой талбук
39318,22513,31833,21077,Рыжий верховой талбук
32243,18363,25474,17699,Рыжий ветрокрыл
579,4270,0,2326,Рыжий волк
16080,4270,0,0,Рыжий волк
16059,10337,0,0,Рыжий саблезуб
200175,101518,0,67575,Саблезуб Скверны
171832,-59366,116775,59366,Самец ветробега
171620,-59323,116659,59323,Самец-кровокопыт
121836,62459,83090,42500,Сапфировая пантера
171824,-59744,116767,59744,Сапфировое речное чудище
88718,47631,63042,35740,Светящийся дракон
164222,-63020,0,0,Северный боевой волк
25675,15524,0,0,Северный олень
25858,15524,0,0,Северный олень
25859,15524,0,0,Северный олень
110051,58169,78924,40029,Сердце Аспектов
34898,20152,29104,19378,Серебристый боевой талбук
39317,22512,31832,21075,Серебристый верховой талбук
39802,22977,32318,21157,Серебряный верховой скат Пустоты
238452,-75532,143637,75532,Серный скакун гнева повелителя Пустоты
6777,4710,5864,2736,Серый баран
260172,-81693,161912,81693,Серый в яблоках скакун
459,4268,0,2320,Серый волк
88750,47654,63046,35135,Серый ездовой верблюд
127216,65017,87788,43711,Серый ездовой як
18989,12149,15277,12246,Серый кодо
35710,20846,29744,19869,Серый элекк
6897,4778,0,0,Синий баран
64656,11195,0,10718,Синий боевой конь-скелет
39803,22978,32319,21156,Синий верховой скат Пустоты
32244,18364,25475,17700,Синий ветрокрыл
59568,31695,43953,25832,Синий дракон
61996,31239,44843,27525,Синий дракондор
129934,62396,89307,43900,Синий ездовой тигр Шадо-Пан
25953,15666,21218,15672,Синий киражский боевой танк
239766,-75706,151626,75706,Синий киражский военный танк
17463,11154,13332,10671,Синий конь-скелет
35020,20220,29220,19480,Синий крылобег
10969,7749,8595,6569,Синий механодолгоног
33630,7749,0,0,Синий механодолгоног
59996,32151,44151,28041,Синий протодракон
262023,-82804,156880,0,Синий протодракон гладиатора
127287,65060,87796,43718,Синяя драконья черепаха
243512,-76586,147901,76586,Сияющая звездная пантара
253107,-79484,152844,79484,Сияющий манаскат
23214,14565,0,14584,Скакун
221883,14565,0,0,Скакун
51617,27153,0,0,Скакун Всадника без головы
51621,27153,0,0,Скакун Всадника без головы
48023,27153,0,0,Скакун Всадника без головы
48024,27153,0,0,Скакун Всадника без головы
48025,27152,37012,25159,Скакун Всадника без головы
220507,20030,0,0,Скакун ордена Серебряной Длани
220504,14565,0,0,Скакун ордена Серебряной Длани
23161,14505,0,14554,Скакун погибели
66906,16510,47179,28919,Скакун Серебряного Авангарда
107203,56921,76755,39530,Скакун Тираэля
280730,-88116,163982,88116,Скакун чистосердечных
212421,68563,0,0,Скалоступ Штормового предела
278803,-73253,163131,73253,Скат Великого моря
228919,-73254,142398,73254,Скат Темной воды
258022,132621,155656,81114,Сквернодав озаренных
190977,-64849,128527,64849,Скверносвин-смертоклык
80628,18376,0,0,Скоростной грифон Брейзи
138425,69830,94229,47715,Сланцевый доисторический дикорог
231523,-74135,143492,74135,Смертоносный предвестник теневого клинка
171845,-60208,116788,60208,Смертоцикл вождя
213163,-70063,137578,70063,Снегоспин-охотник
17460,4778,13329,2787,Снежный баран
581,359,0,1166,Снежный волк
255695,-80357,153539,80357,Соленогривый жеребец
171849,-60578,116792,60578,Солнечношкурый малый гронн
171828,-59751,116771,59751,Солнечный ястреб пиков
233364,-74480,143764,74480,Сотканный силой ковер-самолет
63636,33316,45586,29258,Стальгорнский баран
15781,10180,0,0,Стальной механодолгоног
242874,-67039,147807,67039,Старорог Крутогорья
49322,27684,37719,24693,Стремительная жевра
48954,27541,37598,0,Стремительная жевра
96499,52178,68824,37799,Стремительная зульская пантера
42668,23952,0,0,Стремительная летающая метла
102350,3068,72146,1961,Стремительная птица любви
43900,24368,33977,22350,Стремительный баран Хмельного фестиваля
23240,14547,18785,14346,Стремительный белый баран
46628,22969,35513,19483,Стремительный белый крылобег
23223,14552,18773,14376,Стремительный белый механодолгоног
23228,14560,18778,14338,Стремительный белый рысак
101573,54423,71718,17011,Стремительный береговой долгоног
35028,20225,34129,20359,Стремительный боевой крылобег
23238,14546,18786,14347,Стремительный бурый баран
23250,14540,18796,14573,Стремительный бурый волк
102349,54741,72145,16992,Стремительный весенний долгоног
134573,68288,92724,46729,Стремительный ветророг
23229,14561,18777,14583,Стремительный гнедой рысак
58819,14561,0,0,Стремительный гнедой рысак
103196,55273,73839,39095,Стремительный горный конь
23338,14602,18902,14632,Стремительный грозовой саблезуб
37015,21510,30609,20344,Стремительный дракон Пустоты
32296,18380,25532,17722,Стремительный желтый ветрокрыл
23222,14551,18774,14377,Стремительный желтый механодолгоног
32295,18378,25531,17720,Стремительный зеленый ветрокрыл
32290,18375,25528,17703,Стремительный зеленый грифон
35025,20224,29223,19484,Стремительный зеленый крылобег
23225,14553,18772,14374,Стремительный зеленый механодолгоног
24252,15104,19902,15290,Стремительный зульский тигр
23227,14559,18776,14582,Стремительный игреневый конь
32246,18377,25477,17719,Стремительный красный ветрокрыл
32289,18376,25527,17718,Стремительный красный грифон
65639,34556,46761,28607,Стремительный красный крылобег
23221,14556,18766,14331,Стремительный ледопард
23251,14539,18797,14575,Стремительный лесной волк
102346,5521,72140,1281,Стремительный лесной долгоног
65643,34554,46762,28612,Стремительный лиловый баран
32297,18379,25533,17721,Стремительный лиловый ветрокрыл
32292,18362,25529,17717,Стремительный лиловый грифон
35027,20223,29224,19482,Стремительный лиловый крылобег
65644,34549,46760,14343,Стремительный лиловый ящер
65638,33319,46759,14333,Стремительный лунопард
65640,34017,46758,29043,Стремительный мышастый конь
23242,14543,18789,14344,Стремительный оливковый ящер
23243,14544,18790,14342,Стремительный оранжевый ящер
68056,35809,49046,29283,Стремительный ордынский волк
239363,-75637,0,75637,Стремительный призрачный гиппогриф
55164,29767,0,26691,Стремительный призрачный грифон
194046,-65845,0,65845,Стремительный призрачный рилак
42777,24004,49284,21974,Стремительный призрачный тигр
65646,34555,46757,14335,Стремительный пурпурный волк
43880,24463,0,0,Стремительный рабочий баран Рамштайна
23220,14557,0,0,Стремительный рассветный саблезуб
33660,19281,28936,18697,Стремительный розовый крылобег
23239,14548,18787,14576,Стремительный серый баран
23252,14541,18798,14574,Стремительный серый волк
32242,18361,25473,17759,Стремительный синий грифон
23241,14545,18788,14339,Стремительный синий ящер
68057,35637,49044,29284,Стремительный скакун Альянса
23219,14555,18767,14332,Стремительный туманный саблезуб
24242,15090,19872,15289,Стремительный ящер Раззаши
279569,-14345,163644,14345,Стремительный ящер-альбинос
253087,-79480,152815,79480,Сумеречная гончая из Анторуса
275859,134925,161908,0,Сумеречный грифон Уэйкрестов
59571,31698,43954,27796,Сумеречный дракон
101821,54498,71954,38755,Сумеречный дракон беспощадного гладиатора
124550,63816,85785,38757,Сумеречный дракон гладиатора Катаклизма
101282,54335,71339,38756,Сумеречный дракон яростного гладиатора
279466,-87775,163584,87775,Сумеречный мститель
107844,57227,77068,39562,Сумеречный предвестник
79361,18545,0,0,Сумеречный феникс
130965,66645,89783,45264,Сын Галеона
34769,20029,0,19296,Талассийский боевой конь
221886,20030,0,19085,Талассийский скакун
34767,20030,0,0,Талассийский скакун
165803,-65832,0,0,Телаарский талбук
274610,142695,163127,86527,Тельдрассилский гиппогриф
6654,4272,5668,2328,Темно-бурый волк
88748,47652,63044,35136,Темный ездовой верблюд
171624,77186,116663,59341,Темный жемчужношкурый элекк
235764,-74900,152843,74900,Темный манаскат
88990,47841,63125,37145,Темный феникс
171829,-59363,116772,59363,Тенегривый скакун
10790,7686,8630,0,Тигр
128971,62396,0,0,Тигр Шадо-Пан
171616,-59321,116655,59321,Толстошкурый утесопотам
127178,65010,87784,0,Тропический ездовой журавль
171619,-59324,116658,59324,Тундровый ледяной копытень
61447,32213,44234,27237,Тундровый мамонт путешественника
61425,32212,44235,0,Тундровый мамонт путешественника
44151,24654,34061,22720,Турбоветролет
65642,14563,46763,14375,Турбодолгоног
242881,-63628,147806,63628,Тучекрылый гиппогриф
231434,-74133,143493,74133,Убийственный предвестник теневого клинка
243651,-79436,152789,79436,Укрощенный ур'зул
92155,15666,64883,15672,Ультрамариновый киражский боевой танк
97390,385,0,0,Упряжной конь
278966,-87741,163186,0,Ураганный небесный скакун
41518,23459,32862,21524,Фиолетовый дракон Крыльев Пустоты
253639,-79583,152901,79583,Фиолетовый чарокрыл
10799,7708,8592,6473,Фиолетовый ящер
17458,10178,13325,0,Флюоресцирующий зеленый механодолгоног
42363,284,0,0,Форма парового танка Дэна
42387,284,0,0,Форма парового танка Дэна (на себя)
232412,119386,0,74303,Хаотический скакун гнева повелителя Пустоты
230904,-74025,0,0,Хвастливый волк
230894,-74026,0,0,Хвастливый пони
171850,-68851,137573,68851,Хищник Ллотиена
213158,-70060,137577,70060,Хищный кровогляд
42692,23952,0,0,Хлипкая волшебная метла
189999,95827,128422,64583,Хранитель рощи
232519,-74315,143643,74315,Червь бездны
127286,65058,91008,43717,Черная драконья черепаха
50281,21015,0,0,Черная прыгуана
242305,123390,152791,76318,Чернорогий аргусский скиталец
6896,4780,0,2784,Черный баран
17461,4780,13328,0,Черный баран
22720,14335,29467,14577,Черный боевой баран
22724,14329,29469,14334,Черный боевой волк
22718,14333,29466,14348,Черный боевой кодо
59785,31849,43956,27247,Черный боевой мамонт
59788,31850,44077,0,Черный боевой мамонт
60118,32203,44223,27818,Черный боевой медведь
60119,32205,44224,0,Черный боевой медведь
22719,14334,29465,14372,Черный боевой механодолгоног
22723,14336,29471,14330,Черный боевой саблезуб
34790,20149,29228,19303,Черный боевой талбук
48027,26439,35906,23928,Черный боевой элекк
22721,14330,29472,14388,Черный боевой ящер
62048,25064,0,28417,Черный верховой дракондор
39316,22511,28915,21074,Черный верховой талбук
578,356,0,0,Черный волк
64658,356,46099,207,Черный волк
59650,31778,43986,25831,Черный дракон
138642,70026,94292,47828,Черный древний ящер
130138,66177,89391,44836,Черный ездовой козел
127209,65015,87786,43709,Черный ездовой як
26655,15711,0,0,Черный киражский боевой танк
26656,15711,21176,15676,Черный киражский боевой танк
31700,18283,0,0,Черный киражский боевой танк
25863,15711,0,0,Черный киражский боевой танк
239770,-75707,0,75707,Черный киражский военный танк
64977,34238,46308,29130,Черный конь-скелет
35022,20222,29221,19478,Черный крылобег
10787,7322,0,0,Черный ночной саблезуб
16055,7322,12303,9991,Черный ночной саблезуб
59976,31912,44164,28040,Черный протодракон
262027,-82782,156884,0,Черный протодракон гладиатора
59572,31699,0,27659,Черный северный медведь
254811,140802,163586,79916,Чирик
97493,52748,69224,38031,Чистокровный огнеястреб
60021,32156,44175,28042,Чумной протодракон
59791,31851,44230,27243,Шерстистый мамонт
59793,31852,44231,0,Шерстистый мамонт
261437,-80864,161134,80864,Шефовозка-2
218964,107258,0,0,Шквальный охотник из Штормового предела
245723,-77297,151618,77297,Штормградский истребитель
63232,33217,45125,28912,Штормградский скакун
242882,-68053,147805,68053,Штормокрыл валарьяров
259395,122508,0,81772,"Шу-цзэнь, божественный страж"
42683,23952,0,0,Шустрая волшебная метла
190690,-64726,128481,64726,Щетинистый адский вепрь
63639,33318,45590,29255,Экзодарский элекк
239013,-75585,152788,75585,Экзоскелет озаренных
275841,-76708,161774,76708,Экспедиционный кровавый роевик
110039,55829,78919,39229,Эксперимент 12-Б
221887,39209,0,31368,Элекк великого экзарха
73630,39209,0,0,Элекк великого экзарха
30829,17601,0,0,Элекк Кессела
31973,17601,0,0,Элекк Кессела
220506,39209,0,0,Элекк ордена Серебряной Длани
73629,39208,0,31367,Элекк экзарха
179251,-62487,0,0,Энерготрон гонки Новолуния
136505,69219,93671,48014,Эфемерный скакун
127165,64992,87775,43695,"Юй'лэй, дочь Нефритовой Змеи"
64659,34156,46102,29102,Ядошкурый равазавр
138424,69832,94230,47718,Янтарный доисторический дикорог
123886,63502,85262,43090,Янтарный скорпион
213164,-70062,137579,70062,Яркий злобоклюв
232523,-74320,143648,74320,Яростная боевая черепаха
232525,-74321,143649,0,Яростная боевая черепаха
231442,120918,143489,76024,Яростная буря предсказателя
272481,-85888,163123,85888,Яростное боевое речное чудище
171834,-60574,116777,60574,Яростный боевой баран
100333,53985,70910,38607,Яростный боевой волк
223341,116231,140353,71973,Яростный боевой гилнеасский конь
185052,-63580,124540,63580,Яростный боевой кодо
100332,53885,70909,38668,Яростный боевой конь
146622,73060,102533,51048,Яростный боевой конь-скелет
229512,-73817,142237,73817,Яростный боевой лев
242897,-76426,152869,76427,Яростный боевой лис
242896,-76427,152870,0,Яростный боевой лис
229487,-73805,142234,73805,Яростный боевой медведь
229486,-73806,142235,0,Яростный боевой медведь
183889,-63249,124089,63249,Яростный боевой механодолгоног
146615,73042,102514,51037,Яростный боевой саблезуб
230988,-74034,142437,74034,Яростный боевой скорпион
223354,121727,140354,71816,Яростный боевой трицикл
223578,143146,140350,72020,Яростный боевой элекк
171835,88037,116778,60575,Яростный боевой ящер
229438,-73782,142226,73782,Яростный звероястреб верховного следопыта
223363,-71975,140348,71975,Яростный крылобег
148626,73689,104329,0,Яростный пеплошкурый мушан
63635,33299,45593,29261,Ящер племени Черного Копья